color,line,org,org_lat,org_lon,dst,dst_lat,dst_lon,dist
#FFCD00,1,Château de Vincennes,48.844325144,2.4405523462,Bérault,48.84536875,2.4282445096,0.5659478186
#FFCD00,1,Bérault,48.84536875,2.4282445096,Saint-Mandé,48.846238257,2.4189998281,0.4258820831
#FFCD00,1,Saint-Mandé,48.846238257,2.4189998281,Porte de Vincennes,48.847016518,2.4108168823,0.3770486638
#FFCD00,1,Porte de Vincennes,48.847016518,2.4108168823,Nation,48.848111232,2.3980040128,0.589212481
#FFCD00,1,Nation,48.848111232,2.3980040128,Reuilly-Diderot,48.847352877,2.38584254,0.5570974713
#FFCD00,1,Reuilly-Diderot,48.847352877,2.38584254,Gare de Lyon,48.845559787,2.373449205,0.5786373077
#FFCD00,1,Gare de Lyon,48.845559787,2.373449205,Bastille,48.852975675,2.3692188244,0.5475552595
#FFCD00,1,Bastille,48.852975675,2.3692188244,Saint-Paul (Le Marais),48.855134518,2.3613343391,0.3892493169
#FFCD00,1,Saint-Paul (Le Marais),48.855134518,2.3613343391,Hôtel de Ville,48.857355927,2.3520735669,0.4493031282
#FFCD00,1,Hôtel de Ville,48.857355927,2.3520735669,Châtelet,48.858569672,2.3479332458,0.2065743616
#FFCD00,1,Châtelet,48.858569672,2.3479332458,Louvre-Rivoli,48.860879858,2.3409732758,0.3552258984
#FFCD00,1,Louvre-Rivoli,48.860879858,2.3409732758,Palais-Royal (Musée du Louvre),48.862371822,2.3365736007,0.2255355767
#FFCD00,1,Palais-Royal (Musée du Louvre),48.862371822,2.3365736007,Tuileries,48.864780163,2.3290949544,0.3794042388
#FFCD00,1,Tuileries,48.864780163,2.3290949544,Concorde,48.865678096,2.3211937718,0.3655150795
#FFCD00,1,Concorde,48.865678096,2.3211937718,Champs-Elysées-Clémenceau,48.867744026,2.3141227804,0.3525492691
#FFCD00,1,Champs-Elysées-Clémenceau,48.867744026,2.3141227804,Franklin-Roosevelt,48.869010428,2.3102531809,0.1969148369
#FFCD00,1,Franklin-Roosevelt,48.869010428,2.3102531809,George V,48.872045619,2.3007691856,0.4805128437
#FFCD00,1,George V,48.872045619,2.3007691856,Charles de Gaulle-Etoile,48.873931094,2.2951272517,0.2882928025
#FFCD00,1,Charles de Gaulle-Etoile,48.873931094,2.2951272517,Argentine,48.875672486,2.2894441645,0.2856238961
#FFCD00,1,Argentine,48.875672486,2.2894441645,Porte Maillot,48.878006176,2.28246564,0.3566166107
#FFCD00,1,Porte Maillot,48.878006176,2.28246564,Les Sablons (Jardin d'acclimatation),48.881299185,2.271915176,0.5319745135
#FFCD00,1,Les Sablons (Jardin d'acclimatation),48.881299185,2.271915176,Pont de Neuilly,48.885506109,2.2585274702,0.6758329982
#FFCD00,1,Pont de Neuilly,48.885506109,2.2585274702,Esplanade de la Défense,48.88835806,2.2499372129,0.4382636216
#FFCD00,1,Esplanade de la Défense,48.88835806,2.2499372129,La Défense (Grande Arche),48.891826755,2.2379920432,0.5947417136
#003CA6,2,Nation,48.849423901,2.3970250383,Avron,48.851193819,2.3982391408,0.1342512617
#003CA6,2,Avron,48.851193819,2.3982391408,Alexandre-Dumas,48.8564084,2.3944997576,0.3986403955
#003CA6,2,Alexandre-Dumas,48.8564084,2.3944997576,Philippe Auguste,48.858378841,2.3897347327,0.2564076908
#003CA6,2,Philippe Auguste,48.858378841,2.3897347327,Père-Lachaise,48.863161205,2.3872604002,0.3491908135
#003CA6,2,Père-Lachaise,48.863161205,2.3872604002,Ménilmontant,48.865705788,2.3844293752,0.2181179632
#003CA6,2,Ménilmontant,48.865705788,2.3844293752,Couronnes,48.869329169,2.3805363662,0.3068972476
#003CA6,2,Couronnes,48.869329169,2.3805363662,Belleville,48.872287321,2.3767376773,0.2678964658
#003CA6,2,Belleville,48.872287321,2.3767376773,Colonel Fabien,48.878184982,2.3701745466,0.50554398
#003CA6,2,Colonel Fabien,48.878184982,2.3701745466,Jaurès,48.882768547,2.369945799,0.3169008566
#003CA6,2,Jaurès,48.882768547,2.369945799,Stalingrad,48.884189294,2.367030442,0.1651981473
#003CA6,2,Stalingrad,48.884189294,2.367030442,La Chapelle,48.884388698,2.3592765643,0.3536288426
#003CA6,2,La Chapelle,48.884388698,2.3592765643,Barbès-Rochechouart,48.883680109,2.3495328037,0.4467370959
#003CA6,2,Barbès-Rochechouart,48.883680109,2.3495328037,Anvers,48.88287169,2.3441635728,0.2509876063
#003CA6,2,Anvers,48.88287169,2.3441635728,Pigalle,48.882422528,2.3372546821,0.3163888539
#003CA6,2,Pigalle,48.882422528,2.3372546821,Blanche,48.883770519,2.3324851483,0.2364805185
#003CA6,2,Blanche,48.883770519,2.3324851483,Place de Clichy,48.883455652,2.3273749934,0.2338976691
#003CA6,2,Place de Clichy,48.883455652,2.3273749934,Rome,48.882070834,2.3203983393,0.3320382804
#003CA6,2,Rome,48.882070834,2.3203983393,Villiers,48.881324294,2.3165967615,0.1807716671
#003CA6,2,Villiers,48.881324294,2.3165967615,Monceau,48.880576891,2.3094159462,0.3313165655
#003CA6,2,Monceau,48.880576891,2.3094159462,Courcelles,48.879272152,2.3032985467,0.2930219792
#003CA6,2,Courcelles,48.879272152,2.3032985467,Ternes,48.878228041,2.2981214326,0.2467420288
#003CA6,2,Ternes,48.878228041,2.2981214326,Charles de Gaulle-Etoile,48.873993841,2.2946639618,0.3323282176
#003CA6,2,Charles de Gaulle-Etoile,48.873993841,2.2946639618,Victor Hugo,48.869864912,2.2852262073,0.5162160609
#003CA6,2,Victor Hugo,48.869864912,2.2852262073,Porte Dauphine (Maréchal de Lattre de Tassigny),48.871792216,2.2748699612,0.4905081002
#837902,3,Gallieni (Parc de Bagnolet),48.863262527,2.4159753685,Porte de Bagnolet,48.864336535,2.408825376,0.3343146883
#837902,3,Porte de Bagnolet,48.864336535,2.408825376,Gambetta,48.864782701,2.3984458338,0.4742065892
#837902,3,Gambetta,48.864782701,2.3984458338,Père-Lachaise,48.862945662,2.3868924045,0.5418085744
#837902,3,Père-Lachaise,48.862945662,2.3868924045,Rue Saint-Maur,48.864089406,2.3808997886,0.2844107959
#837902,3,Rue Saint-Maur,48.864089406,2.3808997886,Parmentier,48.865259857,2.3747570817,0.2914907296
#837902,3,Parmentier,48.865259857,2.3747570817,République,48.867257944,2.3640373036,0.507827799
#837902,3,République,48.867257944,2.3640373036,Temple,48.866764168,2.361571327,0.1174823003
#837902,3,Temple,48.866764168,2.361571327,Arts-et-Métiers,48.865551864,2.3561081551,0.2627690154
#837902,3,Arts-et-Métiers,48.865551864,2.3561081551,Réaumur-Sébastopol,48.866280359,2.3524847968,0.1726846219
#837902,3,Réaumur-Sébastopol,48.866280359,2.3524847968,Sentier,48.867350381,2.3475672354,0.2360602098
#837902,3,Sentier,48.867350381,2.3475672354,Bourse,48.868761793,2.3406741288,0.3290221781
#837902,3,Bourse,48.868761793,2.3406741288,Quatre Septembre,48.869660572,2.3363282816,0.207615794
#837902,3,Quatre Septembre,48.869660572,2.3363282816,Opéra,48.870720976,2.3322547436,0.1996262656
#837902,3,Opéra,48.870720976,2.3322547436,Havre-Caumartin,48.873461891,2.3284804845,0.2558729937
#837902,3,Havre-Caumartin,48.873461891,2.3284804845,Saint-Lazare,48.875681506,2.3255915848,0.2021484327
#837902,3,Saint-Lazare,48.875681506,2.3255915848,Europe,48.879060439,2.3229746324,0.2621896549
#837902,3,Europe,48.879060439,2.3229746324,Villiers,48.8814051,2.3161470509,0.3508250063
#837902,3,Villiers,48.8814051,2.3161470509,Malesherbes,48.882536473,2.311009243,0.2468579386
#837902,3,Malesherbes,48.882536473,2.311009243,Wagram,48.883712476,2.3055577575,0.2613938833
#837902,3,Wagram,48.883712476,2.3055577575,Pereire,48.885031061,2.2971351115,0.3945032065
#837902,3,Pereire,48.885031061,2.2971351115,Porte de Champerret,48.88573916,2.2918606207,0.2452940101
#837902,3,Porte de Champerret,48.88573916,2.2918606207,Louise Michel,48.889269622,2.2880551248,0.2993128629
#837902,3,Louise Michel,48.889269622,2.2880551248,Anatole-France,48.892018626,2.2855174448,0.2223860025
#837902,3,Anatole-France,48.892018626,2.2855174448,Pont de Levallois-Bécon,48.897309905,2.2807686428,0.4248568583
#6EC4E8,3b,Porte des Lilas,48.876938224,2.4063765669,Saint-Fargeau,48.871699811,2.4042987242,0.3741648146
#6EC4E8,3b,Saint-Fargeau,48.871699811,2.4042987242,Pelleport,48.868223348,2.4013243805,0.275848658
#6EC4E8,3b,Pelleport,48.868223348,2.4013243805,Gambetta,48.865034298,2.3985414869,0.2542764188
#CF009E,4,Porte de Clignancourt,48.89797017,2.3439883834,Simplon,48.894042555,2.3473135786,0.3108249916
#CF009E,4,Simplon,48.894042555,2.3473135786,Marcadet-Poissonniers,48.891543931,2.3493711154,0.1964685926
#CF009E,4,Marcadet-Poissonniers,48.891543931,2.3493711154,Château Rouge,48.887086283,2.3493700733,0.3080287767
#CF009E,4,Château Rouge,48.887086283,2.3493700733,Barbès-Rochechouart,48.88393177,2.3493557086,0.2179814631
#CF009E,4,Barbès-Rochechouart,48.88393177,2.3493557086,Gare du Nord,48.879743064,2.3546008105,0.3753917274
#CF009E,4,Gare du Nord,48.879743064,2.3546008105,Gare de l'Est (Verdun),48.876695836,2.3579925106,0.2612183312
#CF009E,4,Gare de l'Est (Verdun),48.876695836,2.3579925106,Château d'Eau,48.872454151,2.3560561681,0.3061049912
#CF009E,4,Château d'Eau,48.872454151,2.3560561681,Strasbourg-Saint-Denis,48.869632365,2.3545020631,0.2074585142
#CF009E,4,Strasbourg-Saint-Denis,48.869632365,2.3545020631,Réaumur-Sébastopol,48.86604667,2.352620954,0.262194938
#CF009E,4,Réaumur-Sébastopol,48.86604667,2.352620954,Etienne Marcel,48.863710366,2.3489831961,0.2314463718
#CF009E,4,Etienne Marcel,48.863710366,2.3489831961,Les Halles,48.862011971,2.3464764519,0.1638135648
#CF009E,4,Les Halles,48.862011971,2.3464764519,Châtelet,48.858300056,2.3478650876,0.2641950349
#CF009E,4,Châtelet,48.858300056,2.3478650876,Cité,48.85568485,2.3462029295,0.1959620549
#CF009E,4,Cité,48.85568485,2.3462029295,Saint-Michel,48.853599908,2.3439962411,0.1757311608
#CF009E,4,Saint-Michel,48.853599908,2.3439962411,Odéon,48.852198045,2.338780003,0.2568322599
#CF009E,4,Odéon,48.852198045,2.338780003,Saint-Germain des Prés,48.853447238,2.333046326,0.27534017
#CF009E,4,Saint-Germain des Prés,48.853447238,2.333046326,Saint-Sulpice,48.851146355,2.3309628564,0.1852169398
#CF009E,4,Saint-Sulpice,48.851146355,2.3309628564,Saint-Placide,48.84701184,2.3270551114,0.3367220758
#CF009E,4,Saint-Placide,48.84701184,2.3270551114,Montparnasse-Bienvenue,48.844189509,2.3244412324,0.2285742568
#CF009E,4,Montparnasse-Bienvenue,48.844189509,2.3244412324,Vavin,48.842059858,2.3288670504,0.2498064636
#CF009E,4,Vavin,48.842059858,2.3288670504,Raspail,48.839156981,2.3304741512,0.2135645848
#CF009E,4,Raspail,48.839156981,2.3304741512,Denfert-Rochereau,48.834276813,2.3322037973,0.3463291541
#CF009E,4,Denfert-Rochereau,48.834276813,2.3322037973,Mouton-Duvernet,48.832191599,2.3304069926,0.1657721283
#CF009E,4,Mouton-Duvernet,48.832191599,2.3304069926,Alésia,48.82806602,2.3268274201,0.3285403223
#CF009E,4,Alésia,48.82806602,2.3268274201,Porte d'Orléans (Général Leclerc),48.82281706,2.3250726251,0.371436817
#CF009E,4,Porte d'Orléans (Général Leclerc),48.82281706,2.3250726251,Mairie de Montrouge,48.818466337,2.3196432186,0.3895625927
#FF7E2E,5,Bobigny-Pablo-Picasso,48.907147313,2.4494575045,Bobigny-Pantin (Raymond Queneau),48.895799233,2.4248572984,1.3678023719
#FF7E2E,5,Bobigny-Pantin (Raymond Queneau),48.895799233,2.4248572984,Eglise de Pantin,48.893632528,2.412900266,0.5649925815
#FF7E2E,5,Eglise de Pantin,48.893632528,2.412900266,Hoche,48.891499384,2.4031249607,0.4691645634
#FF7E2E,5,Hoche,48.891499384,2.4031249607,Porte de Pantin,48.888583981,2.3924228757,0.5276341541
#FF7E2E,5,Porte de Pantin,48.888583981,2.3924228757,Ourcq,48.886923877,2.3866564344,0.2867192196
#FF7E2E,5,Ourcq,48.886923877,2.3866564344,Laumière,48.884931611,2.3790912469,0.3712210144
#FF7E2E,5,Laumière,48.884931611,2.3790912469,Jaurès,48.882876216,2.3705863362,0.4127930289
#FF7E2E,5,Jaurès,48.882876216,2.3705863362,Stalingrad,48.884153263,2.3673574775,0.1715802975
#FF7E2E,5,Stalingrad,48.884153263,2.3673574775,Gare du Nord,48.879383303,2.3563720814,0.5994124795
#FF7E2E,5,Gare du Nord,48.879383303,2.3563720814,Gare de l'Est (Verdun),48.876812625,2.3582514401,0.1972101129
#FF7E2E,5,Gare de l'Est (Verdun),48.876812625,2.3582514401,Jacques-Bonsergent,48.870700823,2.3605786356,0.4354497262
#FF7E2E,5,Jacques-Bonsergent,48.870700823,2.3605786356,République,48.867617487,2.3638195214,0.2592717698
#FF7E2E,5,République,48.867617487,2.3638195214,Oberkampf,48.864902416,2.3675370135,0.2528253188
#FF7E2E,5,Oberkampf,48.864902416,2.3675370135,Richard-Lenoir,48.860488413,2.3719204375,0.3646520356
#FF7E2E,5,Richard-Lenoir,48.860488413,2.3719204375,Bréguet-Sabin,48.856803949,2.3705968196,0.2616545955
#FF7E2E,5,Bréguet-Sabin,48.856803949,2.3705968196,Bastille,48.853389112,2.3691646022,0.2448384372
#FF7E2E,5,Bastille,48.853389112,2.3691646022,Quai de la Rapée,48.845966032,2.3669131797,0.5231149874
#FF7E2E,5,Quai de la Rapée,48.845966032,2.3669131797,Gare d'Austerlitz,48.843414224,2.3641883929,0.2157230219
#FF7E2E,5,Gare d'Austerlitz,48.843414224,2.3641883929,Saint-Marcel,48.838516744,2.3607275504,0.3734236619
#FF7E2E,5,Saint-Marcel,48.838516744,2.3607275504,Campo-Formio,48.835551217,2.3587520952,0.2238569061
#FF7E2E,5,Campo-Formio,48.835551217,2.3587520952,Place d'Italie,48.831282656,2.3554558704,0.3310768062
#6ECA97,6,Nation,48.847455262,2.3977717436,Picpus,48.845323115,2.4017863138,0.2350087217
#6ECA97,6,Picpus,48.845323115,2.4017863138,Bel-Air,48.841432007,2.4008691934,0.2721122698
#6ECA97,6,Bel-Air,48.841432007,2.4008691934,Daumesnil (Félix Eboué),48.839376463,2.3957880604,0.2718234786
#6ECA97,6,Daumesnil (Félix Eboué),48.839376463,2.3957880604,Dugommier,48.838876152,2.3893473876,0.2958062316
#6ECA97,6,Dugommier,48.838876152,2.3893473876,Bercy,48.840192244,2.3794772573,0.4592970931
#6ECA97,6,Bercy,48.840192244,2.3794772573,Quai de la Gare,48.837614676,2.3738521157,0.3123422015
#6ECA97,6,Quai de la Gare,48.837614676,2.3738521157,Chevaleret,48.834964971,2.3680913459,0.3202783677
#6ECA97,6,Chevaleret,48.834964971,2.3680913459,Nationale,48.832881289,2.361909408,0.3166369178
#6ECA97,6,Nationale,48.832881289,2.361909408,Place d'Italie,48.831111838,2.3557961457,0.3045101571
#6ECA97,6,Place d'Italie,48.831111838,2.3557961457,Corvisart,48.829863252,2.3506227279,0.2512916894
#6ECA97,6,Corvisart,48.829863252,2.3506227279,Glacière,48.831247952,2.3431220758,0.355312261
#6ECA97,6,Glacière,48.831247952,2.3431220758,Saint-Jacques,48.832991692,2.3366828966,0.317503999
#6ECA97,6,Saint-Jacques,48.832991692,2.3366828966,Denfert-Rochereau,48.833998237,2.3332385012,0.1718328588
#6ECA97,6,Denfert-Rochereau,48.833998237,2.3332385012,Raspail,48.838878379,2.3306784193,0.3568685095
#6ECA97,6,Raspail,48.838878379,2.3306784193,Edgar-Quinet,48.840567726,2.3264028152,0.227289068
#6ECA97,6,Edgar-Quinet,48.840567726,2.3264028152,Montparnasse-Bienvenue,48.841870336,2.321228374,0.2525943094
#6ECA97,6,Montparnasse-Bienvenue,48.841870336,2.321228374,Pasteur,48.842012804,2.3132900438,0.3622053315
#6ECA97,6,Pasteur,48.842012804,2.3132900438,Sèvres-Lecourbe,48.844996151,2.31086483,0.2339514796
#6ECA97,6,Sèvres-Lecourbe,48.844996151,2.31086483,Cambronne,48.847699108,2.3020391437,0.4437328477
#6ECA97,6,Cambronne,48.847699108,2.3020391437,La Motte-Picquet-Grenelle,48.849018928,2.2977621607,0.2153189686
#6ECA97,6,La Motte-Picquet-Grenelle,48.849018928,2.2977621607,Dupleix,48.850392578,2.2936483362,0.210250769
#6ECA97,6,Dupleix,48.850392578,2.2936483362,Bir-Hakeim (Grenelle),48.854327219,2.2888101037,0.3501418357
#6ECA97,6,Bir-Hakeim (Grenelle),48.854327219,2.2888101037,Passy,48.857534383,2.2855927058,0.2657764289
#6ECA97,6,Passy,48.857534383,2.2855927058,Trocadéro,48.862666906,2.2872630616,0.362746465
#6ECA97,6,Trocadéro,48.862666906,2.2872630616,Boissière,48.866856155,2.2900380734,0.3159185444
#6ECA97,6,Boissière,48.866856155,2.2900380734,Kléber,48.871306149,2.2933310209,0.3421828923
#6ECA97,6,Kléber,48.871306149,2.2933310209,Charles de Gaulle-Etoile,48.873715268,2.2947595628,0.1787549003
#FA9ABA,7,La Courneuve-8-Mai-1945,48.920514507,2.4102257791,Fort d'Aubervilliers,48.914056745,2.4035763345,0.5392930296
#FA9ABA,7,Fort d'Aubervilliers,48.914056745,2.4035763345,Aubervilliers Pantin (4 Chemins),48.903898048,2.3924800787,0.865006712
#FA9ABA,7,Aubervilliers Pantin (4 Chemins),48.903898048,2.3924800787,Porte de la Villette,48.897529157,2.3856442301,0.5391386607
#FA9ABA,7,Porte de la Villette,48.897529157,2.3856442301,Corentin-Cariou,48.894681542,2.382302194,0.2488078995
#FA9ABA,7,Corentin-Cariou,48.894681542,2.382302194,Crimée,48.890288775,2.3767786489,0.3943119187
#FA9ABA,7,Crimée,48.890288775,2.3767786489,Riquet,48.888393232,2.3744331089,0.1690570817
#FA9ABA,7,Riquet,48.888393232,2.3744331089,Stalingrad,48.884071986,2.3688700628,0.3917026604
#FA9ABA,7,Stalingrad,48.884071986,2.3688700628,Louis Blanc,48.880900428,2.3651072183,0.2782769077
#FA9ABA,7,Louis Blanc,48.880900428,2.3651072183,Château Landon,48.878456567,2.3620537162,0.218828143
#FA9ABA,7,Château Landon,48.878456567,2.3620537162,Gare de l'Est (Verdun),48.876417053,2.3589870465,0.1984909175
#FA9ABA,7,Gare de l'Est (Verdun),48.876417053,2.3589870465,Poissonnière,48.877353095,2.349381424,0.4425649226
#FA9ABA,7,Poissonnière,48.877353095,2.349381424,Cadet,48.875825718,2.3433451246,0.2946783311
#FA9ABA,7,Cadet,48.875825718,2.3433451246,Le Peletier,48.874963058,2.3401567908,0.1570755135
#FA9ABA,7,Le Peletier,48.874963058,2.3401567908,Chaussée d'Antin (La Fayette),48.872985825,2.3334262241,0.3358376154
#FA9ABA,7,Chaussée d'Antin (La Fayette),48.872985825,2.3334262241,Opéra,48.870559217,2.332554482,0.1723251279
#FA9ABA,7,Opéra,48.870559217,2.332554482,Pyramides,48.866496987,2.3340942153,0.2893465683
#FA9ABA,7,Pyramides,48.866496987,2.3340942153,Palais-Royal (Musée du Louvre),48.863387385,2.3354838368,0.2240208583
#FA9ABA,7,Palais-Royal (Musée du Louvre),48.863387385,2.3354838368,Pont Neuf,48.858534102,2.3421172387,0.4515964625
#FA9ABA,7,Pont Neuf,48.858534102,2.3421172387,Châtelet,48.857203646,2.3472247111,0.2503708887
#FA9ABA,7,Châtelet,48.857203646,2.3472247111,Pont Marie (Cité des Arts),48.853463586,2.3573839728,0.5304606575
#FA9ABA,7,Pont Marie (Cité des Arts),48.853463586,2.3573839728,Sully-Morland,48.850793595,2.3612369937,0.2547765554
#FA9ABA,7,Sully-Morland,48.850793595,2.3612369937,Jussieu,48.845968432,2.3548073927,0.4440138065
#FA9ABA,7,Jussieu,48.845968432,2.3548073927,Place Monge (Jardin des Plantes),48.843164693,2.3521103624,0.2294905139
#FA9ABA,7,Place Monge (Jardin des Plantes),48.843164693,2.3521103624,Censier-Daubenton,48.8405943,2.3517556129,0.1783512126
#FA9ABA,7,Censier-Daubenton,48.8405943,2.3517556129,Les Gobelins,48.83612744,2.3520811178,0.3090195342
#FA9ABA,7,Les Gobelins,48.83612744,2.3520811178,Place d'Italie,48.831552303,2.3553334432,0.3492265997
#FA9ABA,7,Place d'Italie,48.831552303,2.3553334432,Tolbiac,48.826159454,2.3570194662,0.3805043458
#FA9ABA,7,Tolbiac,48.826159454,2.3570194662,Maison Blanche,48.822878775,2.3580798943,0.2318019794
#FA9ABA,7,Maison Blanche,48.822878775,2.3580798943,Le Kremlin-Bicêtre,48.810385125,2.3618306831,0.8801189971
#FA9ABA,7,Le Kremlin-Bicêtre,48.810385125,2.3618306831,Villejuif-Léo Lagrange,48.803769663,2.3639093064,0.4668709564
#FA9ABA,7,Villejuif-Léo Lagrange,48.803769663,2.3639093064,Villejuif-Paul Vaillant Couturier (Hôpital Paul B,48.795994132,2.3682314519,0.5723705927
#FA9ABA,7,Villejuif-Paul Vaillant Couturier (Hôpital Paul B,48.795994132,2.3682314519,Villejuif-Louis Aragon,48.786638011,2.3671105274,0.6485305481
#FA9ABA,7,Villejuif-Louis Aragon,48.786638011,2.3671105274,Mairie d'Ivry,48.811214535,2.3835089287,1.8559075571
#6ECA97,7b,Pré-Saint-Gervais,48.880159932,2.3985866219,Danube,48.881951018,2.3932606759,0.272462667
#6ECA97,7b,Danube,48.881951018,2.3932606759,Botzaris,48.879607089,2.3894155697,0.2386279933
#6ECA97,7b,Botzaris,48.879607089,2.3894155697,Buttes-Chaumont,48.877803956,2.3812110997,0.3941486349
#6ECA97,7b,Buttes-Chaumont,48.877803956,2.3812110997,Bolivar,48.880790123,2.3741551267,0.3820963692
#6ECA97,7b,Bolivar,48.880790123,2.3741551267,Jaurès,48.882328025,2.3704769688,0.198477761
#6ECA97,7b,Jaurès,48.882328025,2.3704769688,Louis Blanc,48.881493429,2.3657752423,0.221902878
#E19BDF,8,Balard,48.836814989,2.2786833465,Lourmel,48.838668129,2.2822484884,0.2069864311
#E19BDF,8,Lourmel,48.838668129,2.2822484884,Boucicaut,48.841025355,2.2879238673,0.3058502105
#E19BDF,8,Boucicaut,48.841025355,2.2879238673,Félix Faure,48.842824568,2.2922249662,0.2322540764
#E19BDF,8,Félix Faure,48.842824568,2.2922249662,Commerce,48.844613672,2.2938029802,0.1430519038
#E19BDF,8,Commerce,48.844613672,2.2938029802,La Motte-Picquet-Grenelle,48.848803206,2.2976942347,0.3395644419
#E19BDF,8,La Motte-Picquet-Grenelle,48.848803206,2.2976942347,Ecole Militaire,48.854260922,2.3054395605,0.5167007365
#E19BDF,8,Ecole Militaire,48.854260922,2.3054395605,La Tour-Maubourg,48.857227861,2.3097962258,0.2854754268
#E19BDF,8,La Tour-Maubourg,48.857227861,2.3097962258,Invalides,48.861093468,2.3146433553,0.3466904244
#E19BDF,8,Invalides,48.861093468,2.3146433553,Concorde,48.865507222,2.3203628559,0.4012686634
#E19BDF,8,Concorde,48.865507222,2.3203628559,Madeleine,48.869507128,2.3246801996,0.3393111021
#E19BDF,8,Madeleine,48.869507128,2.3246801996,Opéra,48.87063108,2.3317370484,0.3309292703
#E19BDF,8,Opéra,48.87063108,2.3317370484,Richelieu-Drouot,48.872006239,2.3399113906,0.3845437999
#E19BDF,8,Richelieu-Drouot,48.872006239,2.3399113906,Grands Boulevards,48.871574744,2.342895032,0.139234665
#E19BDF,8,Grands Boulevards,48.871574744,2.342895032,Bonne Nouvelle,48.870576754,2.3484942937,0.2643894692
#E19BDF,8,Bonne Nouvelle,48.870576754,2.3484942937,Strasbourg-Saint-Denis,48.86938078,2.3540796522,0.2676856155
#E19BDF,8,Strasbourg-Saint-Denis,48.86938078,2.3540796522,République,48.867671519,2.3633291208,0.4378801232
#E19BDF,8,République,48.867671519,2.3633291208,Filles du Calvaire,48.863078176,2.3667458836,0.3535660581
#E19BDF,8,Filles du Calvaire,48.863078176,2.3667458836,Saint-Sébastien-Froissart,48.860974997,2.367262295,0.1472263001
#E19BDF,8,Saint-Sébastien-Froissart,48.860974997,2.367262295,Chemin Vert,48.857586544,2.3680366949,0.236792175
#E19BDF,8,Chemin Vert,48.857586544,2.3680366949,Bastille,48.853739623,2.3691648179,0.2707567038
#E19BDF,8,Bastille,48.853739623,2.3691648179,Ledru-Rollin,48.851194165,2.375931737,0.3551884524
#E19BDF,8,Ledru-Rollin,48.851194165,2.375931737,Faidherbe-Chaligny,48.850067668,2.3844287707,0.3952286786
#E19BDF,8,Faidherbe-Chaligny,48.850067668,2.3844287707,Reuilly-Diderot,48.847217501,2.3872041772,0.2341130511
#E19BDF,8,Reuilly-Diderot,48.847217501,2.3872041772,Montgallet,48.844403092,2.3902516532,0.2390370528
#E19BDF,8,Montgallet,48.844403092,2.3902516532,Daumesnil (Félix Eboué),48.83968214,2.3955841703,0.4069093255
#E19BDF,8,Daumesnil (Félix Eboué),48.83968214,2.3955841703,Michel Bizot,48.836991038,2.4029196069,0.3827991859
#E19BDF,8,Michel Bizot,48.836991038,2.4029196069,Porte Dorée,48.835497253,2.4061852122,0.1812307901
#E19BDF,8,Porte Dorée,48.835497253,2.4061852122,Porte de Charenton,48.832660346,2.4004636384,0.3264230432
#E19BDF,8,Porte de Charenton,48.832660346,2.4004636384,Liberté,48.825637112,2.4074108054,0.5796366184
#E19BDF,8,Liberté,48.825637112,2.4074108054,Charenton-Ecoles,48.821489819,2.4138567623,0.4106448739
#E19BDF,8,Charenton-Ecoles,48.821489819,2.4138567623,Ecole Vétérinaire de Maisons-Alfort,48.81507632,2.4216317667,0.5676965508
#E19BDF,8,Ecole Vétérinaire de Maisons-Alfort,48.81507632,2.4216317667,Maisons-Alfort-Stade,48.808225347,2.4362758211,0.8190060105
#E19BDF,8,Maisons-Alfort-Stade,48.808225347,2.4362758211,Maisons-Alfort-Les Juilliottes,48.802500442,2.4461836186,0.6008361595
#E19BDF,8,Maisons-Alfort-Les Juilliottes,48.802500442,2.4461836186,Créteil-L'Echat (Hôpital Henri Mondor),48.796601298,2.4495315244,0.4353390104
#E19BDF,8,Créteil-L'Echat (Hôpital Henri Mondor),48.796601298,2.4495315244,Créteil-Université,48.789724316,2.4508361064,0.4789177114
#E19BDF,8,Créteil-Université,48.789724316,2.4508361064,Créteil-Préfecture (Hôtel de Ville),48.779757258,2.4593142911,0.7900713716
#E19BDF,8,Créteil-Préfecture (Hôtel de Ville),48.779757258,2.4593142911,Pointe du Lac,48.768768636,2.4643193989,0.7929747989
#B6BD00,9,Pont de Sèvres,48.829690338,2.2305284342,Billancourt,48.832087644,2.2381607769,0.3855893689
#B6BD00,9,Billancourt,48.832087644,2.2381607769,Marcel Sembat,48.833808587,2.2434806144,0.270253713
#B6BD00,9,Marcel Sembat,48.833808587,2.2434806144,Porte de Saint-Cloud,48.837565334,2.2555912744,0.6103944762
#B6BD00,9,Porte de Saint-Cloud,48.837565334,2.2555912744,Exelmans,48.842906979,2.2601443979,0.4235241824
#B6BD00,9,Exelmans,48.842906979,2.2601443979,Michel-Ange-Molitor,48.845056129,2.2619114233,0.1689661456
#B6BD00,9,Michel-Ange-Molitor,48.845056129,2.2619114233,Michel-Ange-Auteuil,48.847924593,2.2642359058,0.2247814641
#B6BD00,9,Michel-Ange-Auteuil,48.847924593,2.2642359058,Jasmin,48.852438519,2.267933923,0.3545857857
#B6BD00,9,Jasmin,48.852438519,2.267933923,Ranelagh,48.855504403,2.2699591783,0.2311086134
#B6BD00,9,Ranelagh,48.855504403,2.2699591783,La Muette,48.85809505,2.2740964481,0.2600662273
#B6BD00,9,La Muette,48.85809505,2.2740964481,Rue de la Pompe (Avenue Georges Mandel),48.864253384,2.277916762,0.4598132097
#B6BD00,9,Rue de la Pompe (Avenue Georges Mandel),48.864253384,2.277916762,Trocadéro,48.863089135,2.2868403785,0.4147130468
#B6BD00,9,Trocadéro,48.863089135,2.2868403785,Iéna,48.8643502,2.2940452638,0.3398383659
#B6BD00,9,Iéna,48.8643502,2.2940452638,Alma-Marceau,48.864298671,2.3012514104,0.3285490475
#B6BD00,9,Alma-Marceau,48.864298671,2.3012514104,Franklin-Roosevelt,48.868812632,2.3099263245,0.5036791873
#B6BD00,9,Franklin-Roosevelt,48.868812632,2.3099263245,Saint-Philippe du Roule,48.872470666,2.3107691012,0.2556764485
#B6BD00,9,Saint-Philippe du Roule,48.872470666,2.3107691012,Miromesnil,48.873532141,2.3155780249,0.231148357
#B6BD00,9,Miromesnil,48.873532141,2.3155780249,Saint-Augustin,48.87438676,2.320727832,0.2420503287
#B6BD00,9,Saint-Augustin,48.87438676,2.320727832,Havre-Caumartin,48.873425977,2.3289709733,0.3815552744
#B6BD00,9,Havre-Caumartin,48.873425977,2.3289709733,Chaussée d'Antin (La Fayette),48.872859989,2.3330447509,0.1897657505
#B6BD00,9,Chaussée d'Antin (La Fayette),48.872859989,2.3330447509,Richelieu-Drouot,48.872096124,2.3393255559,0.2911218672
#B6BD00,9,Richelieu-Drouot,48.872096124,2.3393255559,Grands Boulevards,48.871511817,2.3432083775,0.1815392598
#B6BD00,9,Grands Boulevards,48.871511817,2.3432083775,Bonne Nouvelle,48.870495832,2.3488621174,0.267112106
#B6BD00,9,Bonne Nouvelle,48.870495832,2.3488621174,Strasbourg-Saint-Denis,48.869227931,2.3545291754,0.2727864719
#B6BD00,9,Strasbourg-Saint-Denis,48.869227931,2.3545291754,République,48.867410829,2.3635878256,0.4316205374
#B6BD00,9,République,48.867410829,2.3635878256,Oberkampf,48.864974291,2.3676324116,0.2496916054
#B6BD00,9,Oberkampf,48.864974291,2.3676324116,Saint-Ambroise,48.861647424,2.3731471408,0.340679517
#B6BD00,9,Saint-Ambroise,48.861647424,2.3731471408,Voltaire (Léon Blum),48.857663726,2.3800362968,0.4176610685
#B6BD00,9,Voltaire (Léon Blum),48.857663726,2.3800362968,Charonne,48.854642047,2.3850321933,0.3090160506
#B6BD00,9,Charonne,48.854642047,2.3850321933,Rue des Boulets,48.852222713,2.3891156509,0.2502421625
#B6BD00,9,Rue des Boulets,48.852222713,2.3891156509,Nation,48.849010154,2.3976646128,0.4486277931
#B6BD00,9,Nation,48.849010154,2.3976646128,Buzenval,48.851767475,2.4011814839,0.2490468439
#B6BD00,9,Buzenval,48.851767475,2.4011814839,Maraîchers,48.852600402,2.4063849896,0.2441669019
#B6BD00,9,Maraîchers,48.852600402,2.4063849896,Porte de Montreuil,48.853379878,2.4104581874,0.1933919755
#B6BD00,9,Porte de Montreuil,48.853379878,2.4104581874,Robespierre,48.855680808,2.4236590855,0.6225934082
#B6BD00,9,Robespierre,48.855680808,2.4236590855,Croix-de-Chavaux (Jacques Duclos),48.857999073,2.4358668957,0.5792320774
#B6BD00,9,Croix-de-Chavaux (Jacques Duclos),48.857999073,2.4358668957,Mairie de Montreuil,48.862280986,2.4418276791,0.4017579355
#C9910D,10,Boulogne Pont de Saint-Cloud,48.840680163,2.2283136617,Boulogne-Jean-Jaurès,48.842280144,2.2388629754,0.4937028669
#C9910D,10,Boulogne-Jean-Jaurès,48.842280144,2.2388629754,Michel-Ange-Molitor,48.844984487,2.262320039,1.0860511917
#C9910D,10,Michel-Ange-Molitor,48.844984487,2.262320039,Chardon-Lagache,48.84510414,2.266936059,0.2106884521
#C9910D,10,Chardon-Lagache,48.84510414,2.266936059,Mirabeau,48.847084859,2.2730749149,0.3116379739
#C9910D,10,Mirabeau,48.847084859,2.2730749149,Javel-André-Citroen,48.84596388,2.2778151264,0.229642279
#C9910D,10,Javel-André-Citroen,48.84596388,2.2778151264,Charles Michels,48.846362976,2.2856310659,0.3575244481
#C9910D,10,Charles Michels,48.846362976,2.2856310659,Avenue Emile-Zola,48.846852152,2.2954488279,0.4490259461
#C9910D,10,Avenue Emile-Zola,48.846852152,2.2954488279,La Motte-Picquet-Grenelle,48.848821267,2.297952964,0.17764089
#C9910D,10,La Motte-Picquet-Grenelle,48.848821267,2.297952964,Ségur,48.846864702,2.3072688476,0.4458460755
#C9910D,10,Ségur,48.846864702,2.3072688476,Duroc,48.846848769,2.3169373108,0.4409420453
#C9910D,10,Duroc,48.846848769,2.3169373108,Vaneau,48.84870085,2.3212398819,0.2342671678
#C9910D,10,Vaneau,48.84870085,2.3212398819,Sèvres-Babylone,48.850939288,2.3261146548,0.2708232311
#C9910D,10,Sèvres-Babylone,48.850939288,2.3261146548,Mabillon,48.852845134,2.3351437185,0.4322875907
#C9910D,10,Mabillon,48.852845134,2.3351437185,Odéon,48.852314881,2.3388617203,0.1734582663
#C9910D,10,Odéon,48.852314881,2.3388617203,Cluny-La Sorbonne,48.850795756,2.3450308884,0.3002717904
#C9910D,10,Cluny-La Sorbonne,48.850795756,2.3450308884,Maubert-Mutualité,48.84971694,2.3489255585,0.1926189497
#C9910D,10,Maubert-Mutualité,48.84971694,2.3489255585,Cardinal-Lemoine,48.846705869,2.351335179,0.2353036757
#C9910D,10,Cardinal-Lemoine,48.846705869,2.351335179,Jussieu,48.845761757,2.3545485949,0.1604179218
#C9910D,10,Jussieu,48.845761757,2.3545485949,Gare d'Austerlitz,48.843719861,2.3639162172,0.4499343398
#704B1C,11,Mairie des Lilas,48.880051062,2.4156602061,Porte des Lilas,48.877234717,2.406526843,0.4595185985
#704B1C,11,Porte des Lilas,48.877234717,2.406526843,Télégraphe,48.875522449,2.3986765111,0.3768675613
#704B1C,11,Télégraphe,48.875522449,2.3986765111,Place des Fêtes,48.876729469,2.3931460318,0.2655167445
#704B1C,11,Place des Fêtes,48.876729469,2.3931460318,Jourdain,48.875248295,2.3893294342,0.201835112
#704B1C,11,Jourdain,48.875248295,2.3893294342,Pyrénées,48.873821172,2.3848863722,0.2252530843
#704B1C,11,Pyrénées,48.873821172,2.3848863722,Belleville,48.871945798,2.3767510414,0.3928195332
#704B1C,11,Belleville,48.871945798,2.3767510414,Goncourt (Hôpital Saint-Louis),48.870015355,2.370768799,0.3035740461
#704B1C,11,Goncourt (Hôpital Saint-Louis),48.870015355,2.370768799,République,48.867240185,2.3630564459,0.400476444
#704B1C,11,République,48.867240185,2.3630564459,Arts-et-Métiers,48.865381176,2.3556449312,0.3614748978
#704B1C,11,Arts-et-Métiers,48.865381176,2.3556449312,Rambuteau,48.861193396,2.3532869599,0.3087024534
#704B1C,11,Rambuteau,48.861193396,2.3532869599,Hôtel de Ville,48.857805373,2.3514607765,0.2484810431
#704B1C,11,Hôtel de Ville,48.857805373,2.3514607765,Châtelet,48.858857284,2.3477698567,0.1833167411
#007852,12,Mairie d'Issy,48.824346526,2.2735658296,Corentin-Celton,48.826829887,2.2789668616,0.3002863456
#007852,12,Corentin-Celton,48.826829887,2.2789668616,Porte de Versailles,48.832253453,2.2878641378,0.5524635467
#007852,12,Porte de Versailles,48.832253453,2.2878641378,Convention,48.83713695,2.2963960902,0.515124316
#007852,12,Convention,48.83713695,2.2963960902,Vaugirard (Adolphe Chérioux),48.839439281,2.3010780425,0.2663063928
#007852,12,Vaugirard (Adolphe Chérioux),48.839439281,2.3010780425,Volontaires,48.841418443,2.3079936494,0.3438055945
#007852,12,Volontaires,48.841418443,2.3079936494,Pasteur,48.842830542,2.3126633078,0.234272946
#007852,12,Pasteur,48.842830542,2.3126633078,Falguière,48.844323383,2.3175646762,0.2461998733
#007852,12,Falguière,48.844323383,2.3175646762,Montparnasse-Bienvenue,48.844027636,2.3235697972,0.2746460117
#007852,12,Montparnasse-Bienvenue,48.844027636,2.3235697972,Notre-Dame des Champs,48.844783048,2.3284444833,0.2283718559
#007852,12,Notre-Dame des Champs,48.844783048,2.3284444833,Rennes,48.848198269,2.3280217486,0.2367802553
#007852,12,Rennes,48.848198269,2.3280217486,Sèvres-Babylone,48.851577469,2.3268907883,0.2391332237
#007852,12,Sèvres-Babylone,48.851577469,2.3268907883,Rue du Bac,48.855891338,2.3257049939,0.3029561185
#007852,12,Rue du Bac,48.855891338,2.3257049939,Solférino,48.85853336,2.3230892488,0.2180721039
#007852,12,Solférino,48.85853336,2.3230892488,Assemblée Nationale,48.861453904,2.3203096905,0.2383044672
#007852,12,Assemblée Nationale,48.861453904,2.3203096905,Concorde,48.865489391,2.3214117892,0.2833463112
#007852,12,Concorde,48.865489391,2.3214117892,Madeleine,48.869794715,2.324612012,0.3313473324
#007852,12,Madeleine,48.869794715,2.324612012,Saint-Lazare,48.875420978,2.3266952721,0.4002095214
#007852,12,Saint-Lazare,48.875420978,2.3266952721,Trinité-d'Estienne d'Orves,48.876329037,2.3318045685,0.2411856677
#007852,12,Trinité-d'Estienne d'Orves,48.876329037,2.3318045685,Notre-Dame de Lorette,48.876050554,2.337908692,0.278887191
#007852,12,Notre-Dame de Lorette,48.876050554,2.337908692,Saint-Georges,48.878593955,2.3378269689,0.1757911467
#007852,12,Saint-Georges,48.878593955,2.3378269689,Pigalle,48.88202709,2.3372138017,0.2388736021
#007852,12,Pigalle,48.88202709,2.3372138017,Abbesses,48.884399715,2.3383993842,0.1726246191
#007852,12,Abbesses,48.884399715,2.3383993842,Lamarck-Caulaincourt,48.889738108,2.3391490867,0.3704677802
#007852,12,Lamarck-Caulaincourt,48.889738108,2.3391490867,Jules Joffrin,48.892496977,2.3443284106,0.3033813794
#007852,12,Jules Joffrin,48.892496977,2.3443284106,Marcadet-Poissonniers,48.891606823,2.349548311,0.2456700122
#007852,12,Marcadet-Poissonniers,48.891606823,2.349548311,Marx-Dormoy,48.890374081,2.3597970087,0.4746976267
#007852,12,Marx-Dormoy,48.890374081,2.3597970087,Porte de la Chapelle,48.897959343,2.3592550696,0.5247324103
#007852,12,Porte de la Chapelle,48.897959343,2.3592550696,Front Populaire,48.906666588,2.3652301359,0.6603889665
#6EC4E8,13,Châtillon Montrouge,48.810283364,2.301288871,Malakoff-Rue Etienne Dolet,48.814704061,2.2972847302,0.3559577924
#6EC4E8,13,Malakoff-Rue Etienne Dolet,48.814704061,2.2972847302,Malakoff-Plateau de Vanves,48.822442694,2.2979321053,0.5355575642
#6EC4E8,13,Malakoff-Plateau de Vanves,48.822442694,2.2979321053,Porte de Vanves,48.827765327,2.3043123508,0.4690581317
#6EC4E8,13,Porte de Vanves,48.827765327,2.3043123508,Plaisance,48.831758094,2.3138665498,0.5158599227
#6EC4E8,13,Plaisance,48.831758094,2.3138665498,Pernety,48.83393382,2.3179089722,0.237929542
#6EC4E8,13,Pernety,48.83393382,2.3179089722,Gaîté,48.838751821,2.3225091862,0.3935398633
#6EC4E8,13,Gaîté,48.838751821,2.3225091862,Montparnasse-Bienvenue,48.84207702,2.3210104496,0.2397266624
#6EC4E8,13,Montparnasse-Bienvenue,48.84207702,2.3210104496,Duroc,48.846992501,2.3165423448,0.3961036179
#6EC4E8,13,Duroc,48.846992501,2.3165423448,Saint-François-Xavier,48.85098256,2.3144298646,0.2920620426
#6EC4E8,13,Saint-François-Xavier,48.85098256,2.3144298646,Varenne,48.856393069,2.3147543648,0.3741630485
#6EC4E8,13,Varenne,48.856393069,2.3147543648,Invalides,48.86085079,2.3145481126,0.3081756814
#6EC4E8,13,Invalides,48.86085079,2.3145481126,Champs-Elysées-Clémenceau,48.86736657,2.3141910634,0.4505404174
#6EC4E8,13,Champs-Elysées-Clémenceau,48.86736657,2.3141910634,Miromesnil,48.873460326,2.3160412889,0.4294480246
#6EC4E8,13,Miromesnil,48.873460326,2.3160412889,Saint-Lazare,48.876067814,2.3241881008,0.4127426657
#6EC4E8,13,Saint-Lazare,48.876067814,2.3241881008,Liège,48.879537166,2.3268579473,0.2688509295
#6EC4E8,13,Liège,48.879537166,2.3268579473,Place de Clichy,48.883204,2.3272660246,0.2540638457
#6EC4E8,13,Place de Clichy,48.883204,2.3272660246,La Fourche,48.887436843,2.325725222,0.3008042697
#6EC4E8,13,La Fourche,48.887436843,2.325725222,Brochant,48.890626633,2.3201911213,0.3349287622
#6EC4E8,13,Brochant,48.890626633,2.3201911213,Porte de Clichy,48.89443606,2.3135656655,0.4005352672
#6EC4E8,13,Porte de Clichy,48.89443606,2.3135656655,Mairie de Clichy,48.904005432,2.3053681209,0.7594326856
#6EC4E8,13,Mairie de Clichy,48.904005432,2.3053681209,Gabriel-Péri,48.916574836,2.2943289647,1.0036073459
#6EC4E8,13,Gabriel-Péri,48.916574836,2.2943289647,Les Agnettes,48.922916332,2.2859638966,0.580640915
#6EC4E8,13,Les Agnettes,48.922916332,2.2859638966,Asnières-Gennevilliers Les Courtilles,48.930293623,2.2837606332,0.5195606589
#6EC4E8,13,Asnières-Gennevilliers Les Courtilles,48.930293623,2.2837606332,Basilique de Saint-Denis,48.936477493,2.3596397453,3.4809103726
#6EC4E8,13,Basilique de Saint-Denis,48.936477493,2.3596397453,Saint-Denis-Université,48.946110872,2.362045193,0.6746293842
#62259D,14,Saint-Lazare,48.87553767,2.32519649,Madeleine,48.869578971,2.3241624888,0.4144408904
#62259D,14,Madeleine,48.869578971,2.3241624888,Pyramides,48.866613831,2.3344075309,0.5100064013
#62259D,14,Pyramides,48.866613831,2.3344075309,Châtelet,48.858956181,2.3473612552,0.7929603335
#62259D,14,Châtelet,48.858956181,2.3473612552,Gare de Lyon,48.844652151,2.3731081475,1.5347576031
#62259D,14,Gare de Lyon,48.844652151,2.3731081475,Bercy,48.840542783,2.3794094631,0.4040216856
#62259D,14,Bercy,48.840542783,2.3794094631,Cour Saint-Emilion,48.833520861,2.3862652367,0.5772650011
#62259D,14,Cour Saint-Emilion,48.833520861,2.3862652367,Bibliothèque-François Mitterrand,48.829830695,2.3761200093,0.5284193269
#62259D,14,Bibliothèque-François Mitterrand,48.829830695,2.3761200093,Olympiades,48.826948282,2.3670384334,0.4597153915
#050D9E,orv,Antony,48.754494894,2.3007701501,Orly 1-2-3,48.729564991,2.3595642394,3.1917467649
#050D9E,orv,Orly 1-2-3,48.729564991,2.3595642394,Orly 4,48.728924576,2.3693599439,0.4499701748
#E2231A,A,Saint-Germain-en-Laye,48.898478199,2.0945388041,Le Vésinet-Le Pecq,48.898350894,2.1218289254,1.2433482595
#E2231A,A,Le Vésinet-Le Pecq,48.898350894,2.1218289254,Le Vésinet-Centre,48.890095706,2.1343746143,0.8075613697
#E2231A,A,Le Vésinet-Centre,48.890095706,2.1343746143,Chatou-Croissy,48.885196016,2.1556393056,1.0264576855
#E2231A,A,Chatou-Croissy,48.885196016,2.1556393056,Rueil-Malmaison,48.887168137,2.1706233783,0.6962953716
#E2231A,A,Rueil-Malmaison,48.887168137,2.1706233783,Nanterre-Ville,48.895325147,2.1958404739,1.2798419354
#E2231A,A,Nanterre-Ville,48.895325147,2.1958404739,Nanterre-Université,48.900989014,2.2137917122,0.9066728395
#E2231A,A,Nanterre-Université,48.900989014,2.2137917122,Nanterre-Préfecture,48.895659932,2.2231003281,0.5616594974
#E2231A,A,Nanterre-Préfecture,48.895659932,2.2231003281,La Défense (Grande Arche),48.892005654,2.2369831238,0.6810874657
#E2231A,A,La Défense (Grande Arche),48.892005654,2.2369831238,Charles de Gaulle-Etoile,48.873904099,2.295031901,2.9262817299
#E2231A,A,Charles de Gaulle-Etoile,48.873904099,2.295031901,Auber,48.87260818,2.3297068164,1.583090144
#E2231A,A,Auber,48.87260818,2.3297068164,Châtelet-Les Halles,48.861463711,2.3468441316,1.0969947807
#E2231A,A,Châtelet-Les Halles,48.861463711,2.3468441316,Gare de Lyon,48.844472156,2.3739114213,1.703535492
#E2231A,A,Gare de Lyon,48.844472156,2.3739114213,Nation,48.84844482,2.3959072371,1.0400333401
#E2231A,A,Nation,48.84844482,2.3959072371,Vincennes,48.847323871,2.4335315969,1.717611727
#E2231A,A,Vincennes,48.847323871,2.4335315969,Fontenay-sous-Bois,48.843411859,2.4648154033,1.4521563962
#E2231A,A,Fontenay-sous-Bois,48.843411859,2.4648154033,Nogent-sur-Marne,48.835108774,2.4716839162,0.6537121389
#E2231A,A,Nogent-sur-Marne,48.835108774,2.4716839162,Joinville-le-Pont,48.821069678,2.4638349563,1.0340893218
#E2231A,A,Joinville-le-Pont,48.821069678,2.4638349563,Saint-Maur Créteil,48.806419609,2.4720450509,1.0794362663
#E2231A,A,Saint-Maur Créteil,48.806419609,2.4720450509,Le Parc de Saint-Maur,48.805280012,2.4855943248,0.6234269069
#E2231A,A,Le Parc de Saint-Maur,48.805280012,2.4855943248,Champigny,48.807035802,2.5099016684,1.1160747006
#E2231A,A,Champigny,48.807035802,2.5099016684,La Varenne-Chennevières,48.794933545,2.5130447577,0.8484859796
#E2231A,A,La Varenne-Chennevières,48.794933545,2.5130447577,Sucy Bonneuil,48.771051533,2.5075112683,1.6694778643
#E2231A,A,Sucy Bonneuil,48.771051533,2.5075112683,Boissy-Saint-Léger,48.752988645,2.505222846,1.2525099509
#E2231A,A,Boissy-Saint-Léger,48.752988645,2.505222846,Torcy,48.839597138,2.6545815812,9.0723892856
#E2231A,A,Torcy,48.839597138,2.6545815812,Bussy-Saint-Georges,48.836650828,2.7098540585,2.5294058923
#E2231A,A,Bussy-Saint-Georges,48.836650828,2.7098540585,Val d'europe,48.855497048,2.7736084332,3.1859494941
#E2231A,A,Val d'europe,48.855497048,2.7736084332,Marne-la-Vallée Chessy,48.870167774,2.7824920526,1.0916725961
#7BA3DC,B,Aulnay-sous-Bois,48.932108763,2.4933095626,Blanc-Mesnil,48.93220117,2.4767508712,0.7539205282
#7BA3DC,B,Blanc-Mesnil,48.93220117,2.4767508712,Drancy,48.932709809,2.4551053452,0.9861104469
#7BA3DC,B,Drancy,48.932709809,2.4551053452,Le Bourget,48.93068623,2.4256937696,1.3463602917
#7BA3DC,B,Le Bourget,48.93068623,2.4256937696,La Courneuve-Aubervilliers,48.924023435,2.3844006647,1.9357465795
#7BA3DC,B,La Courneuve-Aubervilliers,48.924023435,2.3844006647,La Plaine-Stade de France,48.918116641,2.3626045186,1.0732152245
#7BA3DC,B,La Plaine-Stade de France,48.918116641,2.3626045186,Gare du Nord,48.880839206,2.3565770154,2.5905153517
#7BA3DC,B,Gare du Nord,48.880839206,2.3565770154,Châtelet-Les Halles,48.861796248,2.3468033287,1.3892619868
#7BA3DC,B,Châtelet-Les Halles,48.861796248,2.3468033287,Saint-Michel Notre-Dame,48.853680781,2.3442413996,0.5728226375
#7BA3DC,B,Saint-Michel Notre-Dame,48.853680781,2.3442413996,Luxembourg,48.846778559,2.3404411812,0.5074576564
#7BA3DC,B,Luxembourg,48.846778559,2.3404411812,Port-Royal,48.839885166,2.3368734409,0.5033649168
#7BA3DC,B,Port-Royal,48.839885166,2.3368734409,Denfert-Rochereau,48.833315186,2.3334427638,0.4802040478
#7BA3DC,B,Denfert-Rochereau,48.833315186,2.3334427638,Cité Universitaire,48.820768472,2.3394051703,0.9086585364
#7BA3DC,B,Cité Universitaire,48.820768472,2.3394051703,Gentilly,48.815249979,2.3409291775,0.3876192636
#7BA3DC,B,Gentilly,48.815249979,2.3409291775,Laplace,48.807583413,2.3333494015,0.6327032707
#7BA3DC,B,Laplace,48.807583413,2.3333494015,Arcueil-Cachan,48.798442508,2.328044199,0.6764674959
#7BA3DC,B,Arcueil-Cachan,48.798442508,2.328044199,Bagneux,48.793228768,2.3208488828,0.4875403961
#7BA3DC,B,Bagneux,48.793228768,2.3208488828,Bourg-la-Reine,48.780050938,2.312162626,0.9932158428
#7BA3DC,B,Bourg-la-Reine,48.780050938,2.312162626,Sceaux,48.781484949,2.2972966909,0.6860623303
#7BA3DC,B,Sceaux,48.781484949,2.2972966909,Fontenay-aux-Roses,48.787630848,2.292095993,0.4865692879
#7BA3DC,B,Fontenay-aux-Roses,48.787630848,2.292095993,Robinson,48.780031321,2.2810593785,0.7278336695
#7BA3DC,B,Robinson,48.780031321,2.2810593785,Bagneux,48.793228768,2.3208488828,2.0328474137
#7BA3DC,B,Bagneux,48.793228768,2.3208488828,Bourg-la-Reine,48.780050938,2.312162626,0.9932158428
#7BA3DC,B,Bourg-la-Reine,48.780050938,2.312162626,Sceaux,48.781484949,2.2972966909,0.6860623303
#7BA3DC,B,Sceaux,48.781484949,2.2972966909,Fontenay-aux-Roses,48.787630848,2.292095993,0.4865692879
#7BA3DC,B,Fontenay-aux-Roses,48.787630848,2.292095993,Robinson,48.780031321,2.2810593785,0.7278336695
#7BA3DC,B,Robinson,48.780031321,2.2810593785,Bures-sur-Yvette,48.69573265,2.1630896752,7.9373749875
#7BA3DC,B,Bures-sur-Yvette,48.69573265,2.1630896752,La Hacquinière,48.695060732,2.1526641368,0.4791548537
#7BA3DC,B,La Hacquinière,48.695060732,2.1526641368,Gif-sur-Yvette,48.69819921,2.1369288994,0.7517276223
#7BA3DC,B,Gif-sur-Yvette,48.69819921,2.1369288994,Courcelle-sur-Yvette,48.70093369,2.0990454282,1.7430491956
#7BA3DC,B,Courcelle-sur-Yvette,48.70093369,2.0990454282,Saint-Rémy-lès-Chevreuse,48.702868684,2.0706002145,1.307867165
#7BA3DC,B,Saint-Rémy-lès-Chevreuse,48.702868684,2.0706002145,Saint-Rémy-lès-Chevreuse,48.702868684,2.0706002145,0
#7BA3DC,B,Saint-Rémy-lès-Chevreuse,48.702868684,2.0706002145,La Hacquinière,48.695060732,2.1526641368,3.7921971769
#7BA3DC,B,La Hacquinière,48.695060732,2.1526641368,Gif-sur-Yvette,48.69819921,2.1369288994,0.7517276223
#7BA3DC,B,Gif-sur-Yvette,48.69819921,2.1369288994,Courcelle-sur-Yvette,48.70093369,2.0990454282,1.7430491956
#7BA3DC,B,Courcelle-sur-Yvette,48.70093369,2.0990454282,Saint-Rémy-lès-Chevreuse,48.702868684,2.0706002145,1.307867165
#7BA3DC,B,Saint-Rémy-lès-Chevreuse,48.702868684,2.0706002145,La Hacquinière,48.695060732,2.1526641368,3.7921971769
#7BA3DC,B,La Hacquinière,48.695060732,2.1526641368,Gif-sur-Yvette,48.69819921,2.1369288994,0.7517276223
#7BA3DC,B,Gif-sur-Yvette,48.69819921,2.1369288994,Courcelle-sur-Yvette,48.70093369,2.0990454282,1.7430491956
#7BA3DC,B,Courcelle-sur-Yvette,48.70093369,2.0990454282,Saint-Rémy-lès-Chevreuse,48.702868684,2.0706002145,1.307867165
#003CA6,T1,GARE DE NOISY-LE-SEC,48.895803743,2.4604190621,PETIT NOISY,48.90002259,2.4652682832,0.3657842465
#003CA6,T1,PETIT NOISY,48.90002259,2.4652682832,PONT DE BONDY,48.904726603,2.4700513746,0.3913296516
#003CA6,T1,PONT DE BONDY,48.904726603,2.4700513746,AUGUSTE DELAUNE,48.906723202,2.4603086864,0.4647555635
#003CA6,T1,AUGUSTE DELAUNE,48.906723202,2.4603086864,JEAN ROSTAND,48.907834689,2.4542716481,0.2855186255
#003CA6,T1,JEAN ROSTAND,48.907834689,2.4542716481,BOBIGNY - PABLO PICASSO,48.9066436,2.4499199449,0.2146335652
#003CA6,T1,BOBIGNY - PABLO PICASSO,48.9066436,2.4499199449,HOTEL DE VILLE DE BOBIGNY,48.906676468,2.4434851094,0.2931267808
#003CA6,T1,HOTEL DE VILLE DE BOBIGNY,48.906676468,2.4434851094,LIBERATION,48.906986138,2.4387686026,0.2159074027
#003CA6,T1,LIBERATION,48.906986138,2.4387686026,LA FERME,48.909737143,2.4376287301,0.197061471
#003CA6,T1,LA FERME,48.909737143,2.4376287301,ESCADRILLE NORMANDIE-NIEMEN,48.912902739,2.4350305951,0.2487054325
#003CA6,T1,ESCADRILLE NORMANDIE-NIEMEN,48.912902739,2.4350305951,GASTON ROULAUD,48.914254052,2.4309698355,0.2071849218
#003CA6,T1,GASTON ROULAUD,48.914254052,2.4309698355,HOPITAL AVICENNE,48.915866684,2.42579119,0.2608567583
#003CA6,T1,HOPITAL AVICENNE,48.915866684,2.42579119,DRANCY - AVENIR,48.918083495,2.4172859438,0.4165392468
#003CA6,T1,DRANCY - AVENIR,48.918083495,2.4172859438,MAURICE LACHATRE,48.919091976,2.4143420096,0.1510992069
#003CA6,T1,MAURICE LACHATRE,48.919091976,2.4143420096,LA COURNEUVE - 8 MAI 1945,48.920549824,2.411248598,0.1731870458
#003CA6,T1,LA COURNEUVE - 8 MAI 1945,48.920549824,2.411248598,DANTON,48.922835208,2.4067651178,0.2581179873
#003CA6,T1,DANTON,48.922835208,2.4067651178,STADE GEO ANDRE,48.924446512,2.4020758267,0.2408189151
#003CA6,T1,STADE GEO ANDRE,48.924446512,2.4020758267,HOTEL DE VILLE DE LA COURNEUVE,48.927416823,2.3929143193,0.4649227964
#003CA6,T1,HOTEL DE VILLE DE LA COURNEUVE,48.927416823,2.3929143193,LA COURNEUVE - SIX ROUTES,48.930242387,2.3843790474,0.4349161257
#003CA6,T1,LA COURNEUVE - SIX ROUTES,48.930242387,2.3843790474,COSMONAUTES,48.931817368,2.3782152527,0.3009997154
#003CA6,T1,COSMONAUTES,48.931817368,2.3782152527,HOPITAL DELAFONTAINE,48.933616947,2.3711918916,0.3430894284
#003CA6,T1,HOPITAL DELAFONTAINE,48.933616947,2.3711918916,CIMETIERE DE SAINT-DENIS,48.936422657,2.364073078,0.3776561108
#003CA6,T1,CIMETIERE DE SAINT-DENIS,48.936422657,2.364073078,BASILIQUE DE SAINT-DENIS,48.937618355,2.3620002027,0.125426374
#003CA6,T1,BASILIQUE DE SAINT-DENIS,48.937618355,2.3620002027,MARCHE DE SAINT-DENIS,48.938635016,2.3556436661,0.2977754069
#003CA6,T1,MARCHE DE SAINT-DENIS,48.938635016,2.3556436661,THEATRE GERARD PHILIPE,48.937251775,2.3500502359,0.2719807683
#003CA6,T1,THEATRE GERARD PHILIPE,48.937251775,2.3500502359,GARE DE SAINT-DENIS,48.93603897,2.345248306,0.2341194552
#003CA6,T1,GARE DE SAINT-DENIS,48.93603897,2.345248306,L'ILE-SAINT-DENIS,48.93588643,2.3399692331,0.2405613924
#003CA6,T1,L'ILE-SAINT-DENIS,48.93588643,2.3399692331,MAIRIE DE VILLENEUVE-LA GARENNE,48.935778578,2.3341172701,0.2665161422
#003CA6,T1,MAIRIE DE VILLENEUVE-LA GARENNE,48.935778578,2.3341172701,LA NOUE,48.935131108,2.3268058643,0.3358494059
#003CA6,T1,LA NOUE,48.935131108,2.3268058643,CHEMIN DES RENIERS,48.934771064,2.3215952045,0.2385217471
#003CA6,T1,CHEMIN DES RENIERS,48.934771064,2.3215952045,PARC DES CHANTERAINES,48.93408673,2.3135202468,0.3706535234
#003CA6,T1,PARC DES CHANTERAINES,48.93408673,2.3135202468,GARE DE GENNEVILLIERS,48.933438207,2.3070277563,0.298962161
#003CA6,T1,GARE DE GENNEVILLIERS,48.933438207,2.3070277563,TIMBAUD,48.933499386,2.3008350122,0.2819710597
#003CA6,T1,TIMBAUD,48.933499386,2.3008350122,LE VILLAGE,48.933398479,2.2946423866,0.282020296
#003CA6,T1,LE VILLAGE,48.933398479,2.2946423866,LE LUTH,48.931733536,2.2884512588,0.3044466901
#003CA6,T1,LE LUTH,48.931733536,2.2884512588,LES COURTILLES,48.930113627,2.2831879628,0.264491457
#003CA6,T1,LES COURTILLES,48.930113627,2.2831879628,QUATRE ROUTES,48.927404367,2.2745983949,0.4335969034
#CF009E,T2,PONT DE BEZONS,48.923325386,2.2173115375,PARC PIERRE LAGRAVERE,48.917580644,2.2244020004,0.511709172
#CF009E,T2,PARC PIERRE LAGRAVERE,48.917580644,2.2244020004,VICTOR BASCH,48.913757224,2.2298643857,0.3628960536
#CF009E,T2,VICTOR BASCH,48.913757224,2.2298643857,JACQUELINE AURIOL,48.910687372,2.2340701231,0.2858214491
#CF009E,T2,JACQUELINE AURIOL,48.910687372,2.2340701231,CHARLEBOURG,48.907437579,2.2382211718,0.2935647655
#CF009E,T2,CHARLEBOURG,48.907437579,2.2382211718,LES FAUVELLES,48.902432659,2.2392940456,0.3492830008
#CF009E,T2,LES FAUVELLES,48.902432659,2.2392940456,FAUBOURG DE L'ARCHE,48.896807298,2.2399998438,0.3900475437
#CF009E,T2,FAUBOURG DE L'ARCHE,48.896807298,2.2399998438,LA DEFENSE,48.893066505,2.2374172216,0.2840162517
#CF009E,T2,LA DEFENSE,48.893066505,2.2374172216,PUTEAUX,48.882997246,2.2332258571,0.7215355156
#CF009E,T2,PUTEAUX,48.882997246,2.2332258571,BELVEDERE,48.876142345,2.2259228541,0.5789292378
#CF009E,T2,BELVEDERE,48.876142345,2.2259228541,SURESNES LONGCHAMP,48.868112325,2.2213763438,0.5923212523
#CF009E,T2,SURESNES LONGCHAMP,48.868112325,2.2213763438,LES COTEAUX,48.857281643,2.2204879827,0.7495047314
#CF009E,T2,LES COTEAUX,48.857281643,2.2204879827,LES MILONS,48.849966396,2.2210491848,0.5061365361
#CF009E,T2,LES MILONS,48.849966396,2.2210491848,PARC DE ST-CLOUD,48.842893832,2.22167777,0.4895590384
#CF009E,T2,PARC DE ST-CLOUD,48.842893832,2.22167777,MUSEE DE SEVRES,48.828759684,2.2251669025,0.9895609544
#CF009E,T2,MUSEE DE SEVRES,48.828759684,2.2251669025,BRIMBORION,48.822123468,2.2313606582,0.5386474935
#CF009E,T2,BRIMBORION,48.822123468,2.2313606582,MEUDON SUR-SEINE,48.819145789,2.2386210142,0.3899861269
#CF009E,T2,MEUDON SUR-SEINE,48.819145789,2.2386210142,LES MOULINEAUX,48.821474528,2.251410827,0.6053798851
#CF009E,T2,LES MOULINEAUX,48.821474528,2.251410827,JACQUES-HENRI LARTIGUE,48.824716352,2.2605797776,0.4745568585
#CF009E,T2,JACQUES-HENRI LARTIGUE,48.824716352,2.2605797776,ISSY - VAL DE SEINE,48.829103646,2.2626560674,0.317619202
#CF009E,T2,ISSY - VAL DE SEINE,48.829103646,2.2626560674,HENRI FARMAN,48.83479819,2.2718103602,0.5737957234
#CF009E,T2,HENRI FARMAN,48.83479819,2.2718103602,SUZANNE LENGLEN,48.833551237,2.2761820445,0.2172442063
#CF009E,T2,SUZANNE LENGLEN,48.833551237,2.2761820445,PORTE D'ISSY,48.83169317,2.2809898203,0.2541430829
#CF009E,T2,PORTE D'ISSY,48.83169317,2.2809898203,PORTE DE VERSAILLES,48.832208305,2.2873604739,0.2927985255
#FF7E2E,T3a,PONT GARIGLIANO - HOPITAL EUROPEEN GEORGE POMPIDOU,48.837880583,2.2711801735,BALARD,48.835718625,2.2789296472,0.3837656053
#FF7E2E,T3a,BALARD,48.835718625,2.2789296472,DESNOUETTES,48.834022489,2.284322768,0.2725096146
#FF7E2E,T3a,DESNOUETTES,48.834022489,2.284322768,PORTE DE VERSAILLES - PARC DES EXPOSITIONS,48.832613025,2.2880271613,0.1950456529
#FF7E2E,T3a,PORTE DE VERSAILLES - PARC DES EXPOSITIONS,48.832613025,2.2880271613,GEORGES BRASSENS,48.829461543,2.2964157463,0.4403131391
#FF7E2E,T3a,GEORGES BRASSENS,48.829461543,2.2964157463,BRANCION,48.828546198,2.3007044793,0.2056312242
#FF7E2E,T3a,BRANCION,48.828546198,2.3007044793,PORTE DE VANVES,48.827271571,2.3064225868,0.2753459065
#FF7E2E,T3a,PORTE DE VANVES,48.827271571,2.3064225868,DIDOT,48.825727285,2.3133383996,0.3330870113
#FF7E2E,T3a,DIDOT,48.825727285,2.3133383996,JEAN MOULIN,48.824568821,2.3186202709,0.2539370335
#FF7E2E,T3a,JEAN MOULIN,48.824568821,2.3186202709,PORTE D'ORLEANS,48.822835142,2.3261615201,0.3643435892
#FF7E2E,T3a,PORTE D'ORLEANS,48.822835142,2.3261615201,MONTSOURIS,48.821217828,2.3338928088,0.3700471757
#FF7E2E,T3a,MONTSOURIS,48.821217828,2.3338928088,CITE UNIVERSITAIRE,48.82004946,2.3391601514,0.2535455726
#FF7E2E,T3a,CITE UNIVERSITAIRE,48.82004946,2.3391601514,STADE CHARLETY - PORTE DE GENTILLY,48.819491931,2.3458019879,0.305510237
#FF7E2E,T3a,STADE CHARLETY - PORTE DE GENTILLY,48.819491931,2.3458019879,POTERNE DES PEUPLIERS,48.820848498,2.3517500953,0.2871455707
#FF7E2E,T3a,POTERNE DES PEUPLIERS,48.820848498,2.3517500953,PORTE D'ITALIE,48.818995705,2.3601879223,0.4057507502
#FF7E2E,T3a,PORTE D'ITALIE,48.818995705,2.3601879223,PORTE DE CHOISY,48.819713907,2.3640808202,0.1844392764
#FF7E2E,T3a,PORTE DE CHOISY,48.819713907,2.3640808202,PORTE D'IVRY,48.821671675,2.3702475859,0.3122191789
#FF7E2E,T3a,PORTE D'IVRY,48.821671675,2.3702475859,MARYSE BASTIE,48.824132011,2.3776674618,0.3788422601
#FF7E2E,T3a,MARYSE BASTIE,48.824132011,2.3776674618,AVENUE DE FRANCE,48.825389094,2.3810305828,0.1763271796
#FF7E2E,T3a,AVENUE DE FRANCE,48.825389094,2.3810305828,BARON LE ROY,48.830174454,2.3931094993,0.6426767861
#FF7E2E,T3a,BARON LE ROY,48.830174454,2.3931094993,PORTE DE CHARENTON,48.831843506,2.3984886704,0.2711509699
#FF7E2E,T3a,PORTE DE CHARENTON,48.831843506,2.3984886704,PORTE DOREE,48.836053743,2.4074521198,0.5018300162
#FF7E2E,T3a,PORTE DOREE,48.836053743,2.4074521198,MONTEMPOIVRE,48.839890492,2.4090367346,0.2747980118
#FF7E2E,T3a,MONTEMPOIVRE,48.839890492,2.4090367346,ALEXANDRA DAVID-NEEL,48.843619616,2.410199314,0.2630840817
#FF7E2E,T3a,ALEXANDRA DAVID-NEEL,48.843619616,2.410199314,PORTE DE VINCENNES,48.846864432,2.4096727924,0.2255011558
#00AE41,T3b,PORTE DE VINCENNES,48.847223924,2.409686912,PORTE DE MONTREUIL,48.853181936,2.4108120075,0.414887692
#00AE41,T3b,PORTE DE MONTREUIL,48.853181936,2.4108120075,MARIE DE MIRIBEL,48.858844637,2.4098121077,0.3939444105
#00AE41,T3b,MARIE DE MIRIBEL,48.858844637,2.4098121077,PORTE DE BAGNOLET,48.863572543,2.4089332971,0.3291501911
#00AE41,T3b,PORTE DE BAGNOLET,48.863572543,2.4089332971,SEVERINE,48.867508894,2.4091294602,0.2721523661
#00AE41,T3b,SEVERINE,48.867508894,2.4091294602,ADRIENNE BOLLAND,48.872002765,2.4087950861,0.3109047001
#00AE41,T3b,ADRIENNE BOLLAND,48.872002765,2.4087950861,PORTE DES LILAS,48.876731095,2.4070984367,0.335760001
#00AE41,T3b,PORTE DES LILAS,48.876731095,2.4070984367,HOPITAL ROBERT DEBRE,48.879493514,2.4011747962,0.3306506503
#00AE41,T3b,HOPITAL ROBERT DEBRE,48.879493514,2.4011747962,BUTTE DU CHAPEAU ROUGE,48.885166743,2.3967800739,0.4402255974
#00AE41,T3b,BUTTE DU CHAPEAU ROUGE,48.885166743,2.3967800739,PORTE DE PANTIN - PARC DE LA VILLETTE,48.888896894,2.3958576137,0.2611629484
#00AE41,T3b,PORTE DE PANTIN - PARC DE LA VILLETTE,48.888896894,2.3958576137,DELPHINE SEYRIG,48.893973618,2.3979214734,0.3631939296
#00AE41,T3b,DELPHINE SEYRIG,48.893973618,2.3979214734,ELLA FITZGERALD - GRANDS MOULINS DE PANTIN,48.897471019,2.3951039826,0.2736521589
#00AE41,T3b,ELLA FITZGERALD - GRANDS MOULINS DE PANTIN,48.897471019,2.3951039826,PORTE DE LA VILLETTE - CITE DES SCIENCES ET DE L'I,48.89769947,2.3867212307,0.3822442312
#00AE41,T3b,PORTE DE LA VILLETTE - CITE DES SCIENCES ET DE L'I,48.89769947,2.3867212307,CANAL SAINT-DENIS,48.898969161,2.3802612355,0.3071122434
#00AE41,T3b,CANAL SAINT-DENIS,48.898969161,2.3802612355,ROSA PARKS,48.897515796,2.3724904415,0.3680016222
#00AE41,T3b,ROSA PARKS,48.897515796,2.3724904415,PORTE D'AUBERVILLIERS,48.898775032,2.368783615,0.1899800227
#00AE41,T3b,PORTE D'AUBERVILLIERS,48.898775032,2.368783615,COLETTE BESSON,48.898668492,2.3633856115,0.2460375914
#00AE41,T3b,COLETTE BESSON,48.898668492,2.3633856115,PORTE DE LA CHAPELLE,48.898579452,2.359268964,0.18765144
#00AE41,T3b,PORTE DE LA CHAPELLE,48.898579452,2.359268964,DIANE ARBUS - PORTE DES POISSONNIERS,48.898436827,2.351608227,0.3491558152
#00AE41,T3b,DIANE ARBUS - PORTE DES POISSONNIERS,48.898436827,2.351608227,PORTE DE CLIGNANCOURT - PUCES DE SAINT-OUEN,48.898086935,2.345106141,0.2972160438
#00AE41,T3b,PORTE DE CLIGNANCOURT - PUCES DE SAINT-OUEN,48.898086935,2.345106141,ANGELIQUE COMPOINT - PORTE DE MONTMARTRE,48.897916436,2.3379089685,0.32811199
#00AE41,T3b,ANGELIQUE COMPOINT - PORTE DE MONTMARTRE,48.897916436,2.3379089685,PORTE DE SAINT-OUEN,48.897745435,2.3295804776,0.3796280651
#00AE41,T3b,PORTE DE SAINT-OUEN,48.897745435,2.3295804776,EPINETTES - POUCHET,48.897637194,2.3248778379,0.2143822915
#00AE41,T3b,EPINETTES - POUCHET,48.897637194,2.3248778379,HONORE DE BALZAC,48.896387184,2.3187171244,0.2936754405
#00AE41,T3b,HONORE DE BALZAC,48.896387184,2.3187171244,PORTE DE CLICHY - TRIBUNAL DE PARIS,48.894714788,2.3142061536,0.2357901892
#00AE41,T3b,PORTE DE CLICHY - TRIBUNAL DE PARIS,48.894714788,2.3142061536,PORTE D'ASNIERES - MARGUERITE LONG,48.889805127,2.3031008427,0.6092187823
#62259D,T5,GARGES-SARCELLES RER,48.976952372,2.3913430457,LOCHERES,48.978653755,2.3844367944,0.3354245431
#62259D,T5,LOCHERES,48.978653755,2.3844367944,PAUL VALERY,48.979311349,2.3802597578,0.1953550593
#62259D,T5,PAUL VALERY,48.979311349,2.3802597578,LES FLANADES,48.976778179,2.3772952252,0.2209648881
#62259D,T5,LES FLANADES,48.976778179,2.3772952252,LES CHOLETTES,48.977696637,2.371398281,0.2756438676
#62259D,T5,LES CHOLETTES,48.977696637,2.371398281,BUTTE PINSON (PARC REGIONAL),48.973609216,2.3658533181,0.3786824141
#62259D,T5,BUTTE PINSON (PARC REGIONAL),48.973609216,2.3658533181,JACQUES PREVERT,48.970859339,2.3657971976,0.1900397045
#62259D,T5,JACQUES PREVERT,48.970859339,2.3657971976,ALCIDE D'ORBIGNY,48.965405152,2.3627914675,0.4009372439
#62259D,T5,ALCIDE D'ORBIGNY,48.965405152,2.3627914675,MAIRIE DE PIERREFITTE,48.963527533,2.3598834657,0.1853126446
#62259D,T5,MAIRIE DE PIERREFITTE,48.963527533,2.3598834657,SUZANNE VALADON,48.958926614,2.3585303984,0.323839314
#62259D,T5,SUZANNE VALADON,48.958926614,2.3585303984,JONCHEROLLES,48.954828772,2.3580374599,0.2840562503
#62259D,T5,JONCHEROLLES,48.954828772,2.3580374599,PETIT PIERREFITTE,48.952321536,2.3577089664,0.1738987128
#62259D,T5,PETIT PIERREFITTE,48.952321536,2.3577089664,GUYNEMER (STADE AUGUSTE DELAUNE),48.948214678,2.3572297966,0.2846284886
#62259D,T5,GUYNEMER (STADE AUGUSTE DELAUNE),48.948214678,2.3572297966,ROGER SEMAT,48.944700909,2.3568873589,0.2433077791
#62259D,T5,ROGER SEMAT,48.944700909,2.3568873589,BAUDELAIRE,48.942139723,2.3565862505,0.1775125825
#62259D,T5,BAUDELAIRE,48.942139723,2.3565862505,MARCHE DE SAINT-DENIS,48.939183116,2.3562577428,0.2048534889
#E2231A,T6,CHATILLON - MONTROUGE,48.81036405,2.3006220245,VAUBAN,48.807386926,2.2941471022,0.3600725046
#E2231A,T6,VAUBAN,48.807386926,2.2941471022,CENTRE DE CHATILLON,48.804293077,2.2888295761,0.3234380218
#E2231A,T6,CENTRE DE CHATILLON,48.804293077,2.2888295761,PARC ANDRE MALRAUX,48.800344655,2.2824523509,0.3989710008
#E2231A,T6,PARC ANDRE MALRAUX,48.800344655,2.2824523509,DIVISION LECLERC,48.794722404,2.2727995332,0.5874618114
#E2231A,T6,DIVISION LECLERC,48.794722404,2.2727995332,SOLEIL LEVANT,48.790348706,2.2632150365,0.5318065024
#E2231A,T6,SOLEIL LEVANT,48.790348706,2.2632150365,HOPITAL BECLERE,48.786999804,2.2550042904,0.440562518
#E2231A,T6,HOPITAL BECLERE,48.786999804,2.2550042904,MAIL DE LA PLAINE,48.783767334,2.2470120155,0.4278715532
#E2231A,T6,MAIL DE LA PLAINE,48.783767334,2.2470120155,PAVE BLANC (PARC NOVEOS),48.780930729,2.2401624084,0.3691258589
#E2231A,T6,PAVE BLANC (PARC NOVEOS),48.780930729,2.2401624084,GEORGES POMPIDOU,48.785044583,2.2369856047,0.3191422451
#E2231A,T6,GEORGES POMPIDOU,48.785044583,2.2369856047,GEORGES MILLANDY,48.783403021,2.2303787276,0.3223092143
#E2231A,T6,GEORGES MILLANDY,48.783403021,2.2303787276,MEUDON-LA-FORET,48.783515172,2.2252781413,0.2330401211
#E2231A,T6,MEUDON-LA-FORET,48.783515172,2.2252781413,VELIZY 2,48.785019604,2.2195351309,0.2820956835
#E2231A,T6,VELIZY 2,48.785019604,2.2195351309,DEWOITINE,48.78344057,2.213486295,0.2969778228
#E2231A,T6,DEWOITINE,48.78344057,2.213486295,INOVEL PARC NORD,48.781548286,2.2089482577,0.245031439
#E2231A,T6,INOVEL PARC NORD,48.781548286,2.2089482577,LOUVOIS,48.780231052,2.1965890249,0.5716884892
#E2231A,T6,LOUVOIS,48.780231052,2.1965890249,MAIRIE DE VELIZY,48.780602705,2.1917327489,0.2232505501
#E2231A,T6,MAIRIE DE VELIZY,48.780602705,2.1917327489,L'ONDE (MAISON DES ARTS),48.782098728,2.1807392815,0.5125553815
#E2231A,T6,L'ONDE (MAISON DES ARTS),48.782098728,2.1807392815,ROBERT WAGNER,48.78515236,2.1790163044,0.2251965904
#E2231A,T6,ROBERT WAGNER,48.78515236,2.1790163044,VIROFLAY - RIVE GAUCHE,48.801032576,2.1713760103,1.1514303682
#E2231A,T6,VIROFLAY - RIVE GAUCHE,48.801032576,2.1713760103,VIROFLAY - RIVE DROITE,48.805639799,2.1688576461,0.3384774859
#704B1C,T7,PORTE DE L'ESSONNE,48.714533524,2.3716329867,AEROPORT D'ORLY,48.729913645,2.368029037,1.0754508653
#704B1C,T7,AEROPORT D'ORLY,48.729913645,2.368029037,COEUR D'ORLY,48.73350799,2.3716183583,0.2976658135
#704B1C,T7,COEUR D'ORLY,48.73350799,2.3716183583,CAROLINE AIGLE (ORLYFRET),48.738856524,2.3698417019,0.3783962924
#704B1C,T7,CAROLINE AIGLE (ORLYFRET),48.738856524,2.3698417019,HELENE BOUCHER (ORLYTECH),48.739838573,2.35981326,0.4633323258
#704B1C,T7,HELENE BOUCHER (ORLYTECH),48.739838573,2.35981326,LA FRATERNELLE,48.741268789,2.3531140687,0.3217248165
#704B1C,T7,LA FRATERNELLE,48.741268789,2.3531140687,ROBERT SCHUMAN (PARC SILIC CENTRE),48.746643782,2.3529118397,0.3715239518
#704B1C,T7,ROBERT SCHUMAN (PARC SILIC CENTRE),48.746643782,2.3529118397,SAARINEN (PARC SILIC NORD),48.750220887,2.3543672853,0.255967302
#704B1C,T7,SAARINEN (PARC SILIC NORD),48.750220887,2.3543672853,PORTE DE RUNGIS,48.752530712,2.355305951,0.165270144
#704B1C,T7,PORTE DE RUNGIS,48.752530712,2.355305951,PLACE DE LA LOGISTIQUE (PLATEFORME SOGARIS),48.752898017,2.3620209827,0.3078678701
#704B1C,T7,PLACE DE LA LOGISTIQUE (PLATEFORME SOGARIS),48.752898017,2.3620209827,LA BELLE EPINE,48.756096182,2.3688601684,0.3827298423
#704B1C,T7,LA BELLE EPINE,48.756096182,2.3688601684,PORTE DE THIAIS (MARCHE INTERNATIONAL),48.759862907,2.3661299157,0.2886250657
#704B1C,T7,PORTE DE THIAIS (MARCHE INTERNATIONAL),48.759862907,2.3661299157,AUGUSTE PERRET (CIMETIERE PARISIEN),48.762837717,2.3671648287,0.2109253656
#704B1C,T7,AUGUSTE PERRET (CIMETIERE PARISIEN),48.762837717,2.3671648287,BRETAGNE,48.76827524,2.3682149242,0.3787808298
#704B1C,T7,BRETAGNE,48.76827524,2.3682149242,MOULIN VERT,48.77177165,2.3679994422,0.2418014195
#704B1C,T7,MOULIN VERT,48.77177165,2.3679994422,DOMAINE CHERIOUX,48.779061042,2.3675685643,0.5040799547
#704B1C,T7,DOMAINE CHERIOUX,48.779061042,2.3675685643,LAMARTINE,48.783276484,2.3672446037,0.291662076
#704B1C,T7,LAMARTINE,48.783276484,2.3672446037,VILLEJUIF - LOUIS ARAGON,48.787554818,2.3669614325,0.2959152103
#837902,T8,SAINT-DENIS - PORTE DE PARIS,48.929746768,2.3571681157,PIERRE DE GEYTER,48.932083992,2.3529133491,0.2522121826
#837902,T8,PIERRE DE GEYTER,48.932083992,2.3529133491,SAINT-DENIS - GARE,48.935886041,2.3472671437,0.3675635877
#837902,T8,SAINT-DENIS - GARE,48.935886041,2.3472671437,PAUL ELUARD,48.939678643,2.3451533743,0.2791827928
#837902,T8,PAUL ELUARD,48.939678643,2.3451533743,DELAUNAY-BELLEVILLE,48.945879365,2.347350938,0.4400026801
#837902,T8,DELAUNAY-BELLEVILLE,48.945879365,2.347350938,CESAR,48.949528301,2.342466901,0.3361450884
#837902,T8,CESAR,48.949528301,2.342466901,JEAN VILAR,48.952790437,2.343449699,0.2298146609
#837902,T8,JEAN VILAR,48.952790437,2.343449699,PABLO NERUDA,48.956142471,2.3436002094,0.2317333811
#837902,T8,PABLO NERUDA,48.956142471,2.3436002094,VILLETANEUSE-UNIVERSITE,48.959404721,2.3417036552,0.2413836762
#837902,T8,VILLETANEUSE-UNIVERSITE,48.959404721,2.3417036552,LACEPEDE,48.956067977,2.3115451044,1.3916089353
#837902,T8,LACEPEDE,48.956067977,2.3115451044,GILBERT BONNEMAISON,48.955366134,2.3077381942,0.1799021338
#837902,T8,GILBERT BONNEMAISON,48.955366134,2.3077381942,EPINAY-SUR-SEINE - GARE,48.955939667,2.3018017525,0.2730424517
#837902,T8,EPINAY-SUR-SEINE - GARE,48.955939667,2.3018017525,EPINAY - ORGEMONT,48.955443335,2.2954293591,0.2920107015
